{
  "overall": {
    "records": 8640,
    "attribution_error_normalized": {
      "median": 0.0,
      "mean": 0.17000028292505046,
      "max": 4.061002378020029
    },
    "sign_disagreement_rate": 0.05451388888888889,
    "rank_disagreement_rate": 0.09861111111111111,
    "error_growth_by_round": {
      "1": 0.0,
      "2": 0.05500470897954286,
      "3": 0.12435656083118676,
      "4": 0.19702402429097152,
      "5": 0.2786356485314413,
      "6": 0.36498075491716025
    },
    "history_distance_defined": false,
    "history_error_correlation": null
  },
  "exogenous_match_rate": 1.0,
  "by_domain": {
    "energy_market_v1": {
      "records": 4320,
      "attribution_error_normalized": {
        "median": 0.0,
        "mean": 0.0,
        "max": 0.0
      },
      "sign_disagreement_rate": 0.0,
      "rank_disagreement_rate": 0.0,
      "error_growth_by_round": {
        "1": 0.0,
        "2": 0.0,
        "3": 0.0,
        "4": 0.0,
        "5": 0.0,
        "6": 0.0
      },
      "history_distance_defined": false,
      "history_error_correlation": null
    },
    "epidemic_policy_v1": {
      "records": 4320,
      "attribution_error_normalized": {
        "median": 0.07656015546739825,
        "mean": 0.3400005658501009,
        "max": 4.061002378020029
      },
      "sign_disagreement_rate": 0.10902777777777778,
      "rank_disagreement_rate": 0.19722222222222222,
      "error_growth_by_round": {
        "1": 0.0,
        "2": 0.11000941795908573,
        "3": 0.24871312166237353,
        "4": 0.39404804858194303,
        "5": 0.5572712970628826,
        "6": 0.7299615098343205
      },
      "history_distance_defined": true,
      "history_error_correlation": 0.6426699977596461
    }
  }
}