{
  "by_domain": {
    "energy_market_v1": {
      "records": 180,
      "wall_s": {
        "median": 0.031843923999986146,
        "p95": 0.036600181100584446,
        "max": 0.05882362800184637
      },
      "bundle_bytes": {
        "median": 64064.5
      },
      "trace_bytes": {
        "median": 35076.0
      },
      "phases": {
        "candidate_generation": {
          "median_s": 0.012080151996997301,
          "p95_s": 0.014488493005410418,
          "max_s": 0.027516595997440163,
          "pct_of_total": 37.93550065313106
        },
        "observation": {
          "median_s": 0.00010259650298394263,
          "p95_s": 0.0001480089404140017,
          "max_s": 0.0002534769846533891,
          "pct_of_total": 0.32218549128551893
        },
        "controller": {
          "median_s": 0.0004932875108352164,
          "p95_s": 0.0010496954040718261,
          "max_s": 0.0014340670022647828,
          "pct_of_total": 1.5490789101099194
        },
        "validation_syntactic": {
          "median_s": 0.00031246400430973154,
          "p95_s": 0.0004590128492054646,
          "max_s": 0.000863080993440235,
          "pct_of_total": 0.9812358687637475
        },
        "validation_semantic": {
          "median_s": 8.684099702804815e-05,
          "p95_s": 0.00011728570807463248,
          "max_s": 0.0002907509988290258,
          "pct_of_total": 0.2727082159475256
        },
        "resolution": {
          "median_s": 0.000728375500330003,
          "p95_s": 0.0010237035503450895,
          "max_s": 0.0015525740054727066,
          "pct_of_total": 2.2873296027534797
        },
        "evidence_collection": {
          "median_s": 4.739549876831006e-05,
          "p95_s": 7.473024470527886e-05,
          "max_s": 0.00023611601136508398,
          "pct_of_total": 0.14883686686455688
        },
        "hashing": {
          "median_s": 0.0006403954994311789,
          "p95_s": 0.0010177040485359608,
          "max_s": 0.0013427759986370802,
          "pct_of_total": 2.01104455415563
        },
        "residual": {
          "median_s": 0.017010441006277688,
          "p95_s": 0.02010403574004158,
          "max_s": 0.03257257897348609,
          "pct_of_total": 53.418168584641414
        }
      }
    },
    "epidemic_policy_v1": {
      "records": 180,
      "wall_s": {
        "median": 0.03659280349893379,
        "p95": 0.04051137900132744,
        "max": 0.046665285000926815
      },
      "bundle_bytes": {
        "median": 48203.0
      },
      "trace_bytes": {
        "median": 23664.0
      },
      "phases": {
        "candidate_generation": {
          "median_s": 0.019670645504447748,
          "p95_s": 0.021959556804540627,
          "max_s": 0.026220021001790883,
          "pct_of_total": 53.75550278628117
        },
        "observation": {
          "median_s": 7.611099863424897e-05,
          "p95_s": 0.00010914694121311174,
          "max_s": 0.00036540300425258465,
          "pct_of_total": 0.20799444523693472
        },
        "controller": {
          "median_s": 0.0003778160025831312,
          "p95_s": 0.0008197985069273271,
          "max_s": 0.0011025529965991154,
          "pct_of_total": 1.0324871735890355
        },
        "validation_syntactic": {
          "median_s": 0.00024084300093818456,
          "p95_s": 0.00029922745252406455,
          "max_s": 0.00047182500566123053,
          "pct_of_total": 0.6581703993934273
        },
        "validation_semantic": {
          "median_s": 8.411799717578106e-05,
          "p95_s": 0.0001255165581824257,
          "max_s": 0.0002743500008364208,
          "pct_of_total": 0.22987579286793924
        },
        "resolution": {
          "median_s": 0.001176038500489085,
          "p95_s": 0.0015299912070986463,
          "max_s": 0.002016692000324838,
          "pct_of_total": 3.2138518726048177
        },
        "evidence_collection": {
          "median_s": 3.596600072341971e-05,
          "p95_s": 5.042914908699456e-05,
          "max_s": 0.0001451659954909701,
          "pct_of_total": 0.09828708730793927
        },
        "hashing": {
          "median_s": 0.0004838350032514427,
          "p95_s": 0.0007293809507245894,
          "max_s": 0.0014190969995979685,
          "pct_of_total": 1.3222135419756518
        },
        "residual": {
          "median_s": 0.014256062499043765,
          "p95_s": 0.01694016128676594,
          "max_s": 0.01864630101044895,
          "pct_of_total": 38.958650706987086
        }
      }
    }
  },
  "replay_verify": [
    {
      "domain": "energy_market_v1",
      "verify_s": 0.0039337230009550694,
      "replay_s": 0.011362736000592122
    },
    {
      "domain": "epidemic_policy_v1",
      "verify_s": 0.0032446490004076622,
      "replay_s": 0.010975847999361577
    }
  ],
  "records": 360
}