{
  "by_domain": {
    "energy_market_v1": {
      "records": 180,
      "wall_s": {
        "median": 0.02839430150197586,
        "p95": 0.03795686604953516,
        "max": 0.043410522001067875
      },
      "bundle_bytes": {
        "median": 64064.5
      },
      "trace_bytes": {
        "median": 35076.0
      },
      "phases": {
        "candidate_generation": {
          "median_s": 0.010385759500422864,
          "p95_s": 0.013733880601466806,
          "max_s": 0.01765329599948018,
          "pct_of_total": 36.57691491266357
        },
        "observation": {
          "median_s": 9.386449164594524e-05,
          "p95_s": 0.00013094960322632688,
          "max_s": 0.00018727999122347683,
          "pct_of_total": 0.3305751037383805
        },
        "controller": {
          "median_s": 0.0004004339989478467,
          "p95_s": 0.0009984001515476848,
          "max_s": 0.0020371909959067125,
          "pct_of_total": 1.410261840461129
        },
        "validation_syntactic": {
          "median_s": 0.0002807929977279855,
          "p95_s": 0.0003938707919587613,
          "max_s": 0.0005126670039317105,
          "pct_of_total": 0.9889061638246185
        },
        "validation_semantic": {
          "median_s": 7.848950372135732e-05,
          "p95_s": 0.0001037326021105399,
          "max_s": 0.0001673130100243725,
          "pct_of_total": 0.27642695741571777
        },
        "resolution": {
          "median_s": 0.0006606180049857358,
          "p95_s": 0.0009319150056398939,
          "max_s": 0.0018632799983606674,
          "pct_of_total": 2.3265865685752676
        },
        "evidence_collection": {
          "median_s": 4.134800110477954e-05,
          "p95_s": 7.352082157012773e-05,
          "max_s": 0.00015249799616867676,
          "pct_of_total": 0.1456207721887516
        },
        "hashing": {
          "median_s": 0.000615396500506904,
          "p95_s": 0.0009865307485597433,
          "max_s": 0.0016504390005138703,
          "pct_of_total": 2.1673239627468233
        },
        "residual": {
          "median_s": 0.015798701997482567,
          "p95_s": 0.021599359731408186,
          "max_s": 0.02638102398486808,
          "pct_of_total": 55.640396705596686
        }
      }
    },
    "epidemic_policy_v1": {
      "records": 180,
      "wall_s": {
        "median": 0.028172498497951892,
        "p95": 0.03502424049875117,
        "max": 0.03979258999970625
      },
      "bundle_bytes": {
        "median": 48203.0
      },
      "trace_bytes": {
        "median": 23664.0
      },
      "phases": {
        "candidate_generation": {
          "median_s": 0.013520004498786875,
          "p95_s": 0.01723023699742043,
          "max_s": 0.021169726005609846,
          "pct_of_total": 47.99007975728444
        },
        "observation": {
          "median_s": 6.62219972582534e-05,
          "p95_s": 8.164666141965423e-05,
          "max_s": 0.00020346398378023878,
          "pct_of_total": 0.23505901424776954
        },
        "controller": {
          "median_s": 0.00030908100052329246,
          "p95_s": 0.0006279491546592906,
          "max_s": 0.0013513369958673138,
          "pct_of_total": 1.0971018440049336
        },
        "validation_syntactic": {
          "median_s": 0.00019330200848344248,
          "p95_s": 0.0002599937566628796,
          "max_s": 0.000697441995725967,
          "pct_of_total": 0.6861372572173366
        },
        "validation_semantic": {
          "median_s": 6.649250281043351e-05,
          "p95_s": 8.554539199394637e-05,
          "max_s": 0.00011121300485683605,
          "pct_of_total": 0.23601919018743558
        },
        "resolution": {
          "median_s": 0.0010112129984918283,
          "p95_s": 0.0013833898019583997,
          "max_s": 0.0019748469967453275,
          "pct_of_total": 3.5893621524741315
        },
        "evidence_collection": {
          "median_s": 2.9469998480635695e-05,
          "p95_s": 4.2421500438649666e-05,
          "max_s": 8.568300472688861e-05,
          "pct_of_total": 0.1046055552466464
        },
        "hashing": {
          "median_s": 0.0004328640006860951,
          "p95_s": 0.0007004719018368629,
          "max_s": 0.0013528329982364085,
          "pct_of_total": 1.5364771453180264
        },
        "residual": {
          "median_s": 0.01243454948416911,
          "p95_s": 0.01574696898460388,
          "max_s": 0.018036891018709866,
          "pct_of_total": 44.13719104492307
        }
      }
    }
  },
  "replay_verify": [
    {
      "domain": "energy_market_v1",
      "verify_s": 0.003648632002295926,
      "replay_s": 0.011074617999838665
    },
    {
      "domain": "epidemic_policy_v1",
      "verify_s": 0.0033732089978002477,
      "replay_s": 0.009910282999044284
    }
  ],
  "records": 360
}