{
  "pairs": 20,
  "order": "counterbalanced (alternating per pair)",
  "median_diff_s": -0.0008788454979367089,
  "mean_diff_s": -0.0002238094506537891,
  "min_diff_s": -0.0075931890023639426,
  "max_diff_s": 0.014051772999664536,
  "stdev_s": 0.004252025139589643,
  "all_diffs_s": [
    0.004691473997809226,
    2.3889999283710495e-05,
    -0.0075931890023639426,
    -0.0026059629999508616,
    -0.0031780920035089366,
    -0.0014754619987797923,
    0.0010139019977941643,
    0.0003258989963796921,
    0.00038610599949606694,
    -0.0014757100034330506,
    -0.00028222899709362537,
    0.014051772999664536,
    -0.004813751998881344,
    0.0009791659977054223,
    0.0031994279997888952,
    -0.0017318019963568076,
    -0.0019702739991771523,
    -0.0038022230000933632,
    0.0017796840002120007,
    -0.0019988150015706196
  ],
  "interpretation": "not confidently distinguishable from zero at this workload scale (median -0.88ms, stdev 4.25ms)"
}