{
  "pairs": 20,
  "order": "counterbalanced (alternating per pair)",
  "median_diff_s": 0.0013871339997422183,
  "mean_diff_s": 0.0008411853001234704,
  "min_diff_s": -0.0052472219977062196,
  "max_diff_s": 0.01211807399886311,
  "stdev_s": 0.00399107658650422,
  "all_diffs_s": [
    0.01211807399886311,
    0.002674427003512392,
    -0.004702105998148909,
    0.0013214440004958306,
    -0.001076518001354998,
    0.0016735110002628062,
    -0.00417006000134279,
    0.004836469997826498,
    -0.0052472219977062196,
    -0.0005656760004058015,
    0.001949763001903193,
    0.004052331998536829,
    -0.0014622359994973522,
    -0.0010107990019605495,
    0.004972532002284424,
    -0.0042256030028511304,
    0.0018056430017168168,
    0.001452823998988606,
    0.0032128419989021495,
    -0.000785935997555498
  ],
  "interpretation": "not confidently distinguishable from zero at this workload scale (median 1.39ms, stdev 3.99ms)"
}