domain,verify_s,replay_s
energy_market_v1,0.0039337230009550694,0.011362736000592122
epidemic_policy_v1,0.0032446490004076622,0.010975847999361577
