domain,verify_s,replay_s
energy_market_v1,0.003648632002295926,0.011074617999838665
epidemic_policy_v1,0.0033732089978002477,0.009910282999044284
